saleid,saledate,customerid,tax,shipping
191228,2013-12-31,1134,0,44.37
191229,2013-12-31,14958,0,9.95
191230,2013-12-31,3275,0,9.95
191231,2014-01-01,17448,0,20.11
191232,2014-01-01,11852,0,9.95
191233,2014-01-01,5230,0,9.95
191234,2014-01-02,14956,0,9.95
191235,2014-01-02,10767,0,46.34
191236,2014-01-02,8907,2.32,9.95
191237,2014-01-02,12110,0,18.75
191238,2014-01-02,653,0,39.05
191239,2014-01-02,14473,0,9.95
191240,2014-01-02,14396,0,9.95
191241,2014-01-02,3724,0,44.68
191242,2014-01-02,3852,0,39.73
191243,2014-01-02,14932,0,9.95
191244,2014-01-03,411,0,19.47
191245,2014-01-03,317,0,9.95
191246,2014-01-03,6238,0,40.05
191247,2014-01-03,5054,0,9.95
191248,2014-01-03,3325,0,37.35
191249,2014-01-04,13696,0,37.91
191250,2014-01-04,15996,0,19.43
191251,2014-01-04,7881,0,37.39
191252,2014-01-04,14209,0,51.28
191253,2014-01-04,3433,0,9.95
191254,2014-01-04,17996,0,18.35
191255,2014-01-04,10402,0,42.21
191256,2014-01-05,14019,0,9.95
191257,2014-01-05,8135,0,9.95
191258,2014-01-05,14628,0,9.95
191259,2014-01-05,2092,0,9.95
191260,2014-01-05,6102,0,47.44
191261,2014-01-05,15733,0,47.72
191262,2014-01-06,4696,0,9.95
191263,2014-01-06,15256,0,9.95
191264,2014-01-06,17519,0,21.19
191265,2014-01-06,17811,0,41.01
191266,2014-01-06,7146,0,9.95
191267,2014-01-06,3173,0,41.39
191268,2014-01-06,11165,0,9.95
191269,2014-01-06,17245,0,9.95
191270,2014-01-06,6863,0,47.81
191271,2014-01-07,1986,0,9.95
191272,2014-01-07,8546,0,37.53
191273,2014-01-07,5135,0,44.29
191274,2014-01-07,14557,0,9.95
191275,2014-01-07,9020,0,45.8
191276,2014-01-07,8485,0,9.95
191277,2014-01-07,17371,0,9.95
191278,2014-01-08,4725,0,42.15
191279,2014-01-08,4948,29.28,40.77
191280,2014-01-08,10345,0,44.21
191281,2014-01-08,9670,0,18.63
191282,2014-01-08,17807,0,9.95
191283,2014-01-08,8033,0,9.95
191284,2014-01-09,13624,0,9.95
191285,2014-01-10,15796,0,9.95
191286,2014-01-10,9709,0,21.27
191287,2014-01-10,6409,0,34.85
191288,2014-01-11,8546,0,9.95
191289,2014-01-11,10748,0,9.95
191290,2014-01-11,2069,0,37.27
191291,2014-01-11,14726,8.8,9.95
191292,2014-01-11,555,0,26.62
191293,2014-01-11,2385,0,9.95
191294,2014-01-11,17725,0,54.87
191295,2014-01-11,1200,0,19.47
191296,2014-01-12,3775,0,9.95
191297,2014-01-12,5969,0,9.95
191298,2014-01-12,1950,0,54.45
191299,2014-01-12,9106,0,9.95
191300,2014-01-12,2447,0,44.51
191301,2014-01-12,2281,0,9.95
191302,2014-01-12,9916,0,9.95
191303,2014-01-14,14689,0,9.95
191304,2014-01-14,6523,0,44.78
191305,2014-01-14,769,0,27.4
191306,2014-01-14,9891,0,18.59
191307,2014-01-14,7928,0,43.23
191308,2014-01-15,17963,0,33.33
191309,2014-01-15,11359,0,19.71
191310,2014-01-15,3030,0,33.05
191311,2014-01-15,14114,0,9.95
191312,2014-01-15,5927,0,9.95
191313,2014-01-15,16731,0,42.03
191314,2014-01-16,16996,0,9.95
191315,2014-01-16,17667,0,58.15
191316,2014-01-16,2090,18,33.87
191317,2014-01-16,9673,0,47.92
191318,2014-01-16,1719,0,36.95
191319,2014-01-16,13914,0,27.48
191320,2014-01-16,8011,0,37.21
191321,2014-01-16,18166,0,9.95
191322,2014-01-17,13639,0,9.95
191323,2014-01-17,11310,0,9.95
191324,2014-01-17,7572,0,9.95
191325,2014-01-17,3612,0,40.59
191326,2014-01-17,8734,0,9.95
191327,2014-01-17,8926,0,44.01
191328,2014-01-17,1355,0,45.94
191329,2014-01-17,13463,0,41.35
191330,2014-01-17,13002,0,30.08
191331,2014-01-17,15556,0,9.95
191332,2014-01-18,6168,0,9.95
191333,2014-01-18,7651,0,44.73
191334,2014-01-18,9469,0,9.95
191335,2014-01-18,698,0,48.96
191336,2014-01-18,5850,0,49
191337,2014-01-18,5708,0,34.85
191338,2014-01-18,1369,0,9.95
191339,2014-01-19,15400,0,43.65
191340,2014-01-19,13087,0,9.95
191341,2014-01-19,8791,0,44.55
191342,2014-01-19,7170,0,37.89
191343,2014-01-19,17489,35.04,51.83
191344,2014-01-19,17389,0,40.91
191345,2014-01-21,724,0,54.41
191346,2014-01-21,7709,0,44.03
191347,2014-01-21,16772,5.6,9.95
191348,2014-01-21,11131,0,9.95
191349,2014-01-21,5977,0,9.95
191350,2014-01-21,9469,0,38.23
191351,2014-01-21,3325,0,41.93
191352,2014-01-21,1002,0,35.49
191353,2014-01-21,2926,0,9.95
191354,2014-01-21,12905,27.68,43.63
191355,2014-01-21,8713,0,51.08
191356,2014-01-21,14782,0,36.07
191357,2014-01-22,12052,0,38.33
191358,2014-01-22,15400,0,46.38
191359,2014-01-22,5845,0,43.03
191360,2014-01-22,3442,0,34.85
191361,2014-01-23,14836,0,9.95
191362,2014-01-23,3223,0,9.95
191363,2014-01-23,11796,0,42.75
191364,2014-01-23,10697,0,48.38
191365,2014-01-23,6949,0,9.95
191366,2014-01-23,14315,0,48.7
191367,2014-01-23,13877,0,9.95
191368,2014-01-24,11279,0,9.95
191369,2014-01-24,12270,0,9.95
191370,2014-01-24,3808,0,49.08
191371,2014-01-24,14464,0,48.54
191372,2014-01-24,14929,0,48.52
191373,2014-01-25,8659,0,9.95
191374,2014-01-25,5107,0,9.95
191375,2014-01-25,248,0,9.95
191376,2014-01-25,15635,0,50.02
191377,2014-01-25,15081,0,9.95
191378,2014-01-25,8118,0,53.49
191379,2014-01-25,10973,0,9.95
191380,2014-01-25,13573,0,19.31
191381,2014-01-26,7638,0,43.23
191382,2014-01-27,17904,0,9.95
191383,2014-01-27,2755,0,9.95
191384,2014-01-27,2170,0,9.95
191385,2014-01-27,4805,0,44.99
191386,2014-01-27,12890,0,33.19
191387,2014-01-27,13215,0,22.11
191388,2014-01-28,17942,0,9.95
191389,2014-01-28,13171,0,47.08
191390,2014-01-28,14492,0,9.95
191391,2014-01-28,14315,0,9.95
191392,2014-01-28,16553,0,45.88
191393,2014-01-28,8212,0,40.63
191394,2014-01-28,1606,0,47.6
191395,2014-01-29,12558,0,51.34
191396,2014-01-29,15210,0,43.01
191397,2014-01-29,844,7.6,9.95
191398,2014-01-30,13156,0,53.99
191399,2014-01-30,10093,0,9.95
191400,2014-01-31,6078,10.96,20.65
191401,2014-01-31,4788,0,9.95
191402,2014-01-31,12861,0,40.13
191403,2014-01-31,661,5.28,9.95
191404,2014-01-31,10884,0,9.95
191405,2014-01-31,8465,0,9.95
191406,2014-01-31,17113,0,9.95
191407,2014-01-31,8555,0,9.95
191408,2014-02-01,263,0,9.95
191409,2014-02-01,10552,0,9.95
191410,2014-02-03,7264,0,32.49
191411,2014-02-03,3264,0,39.35
191412,2014-02-03,3825,0,37.63
191413,2014-02-03,3476,0,49.44
191414,2014-02-04,11727,0,9.95
191415,2014-02-04,6702,0,48.66
191416,2014-02-04,13275,0,54.39
191417,2014-02-04,16325,3.76,9.95
191418,2014-02-04,8485,0,9.95
191419,2014-02-04,367,0,47
191420,2014-02-05,7709,0,18.69
191421,2014-02-05,3530,0,9.95
191422,2014-02-05,12428,0,9.95
191423,2014-02-05,15796,0,9.95
191424,2014-02-05,14134,0,9.95
191425,2014-02-05,3808,0,9.95
191426,2014-02-06,2441,0,40.37
191427,2014-02-06,951,0,9.95
191428,2014-02-06,13523,0,9.95
191429,2014-02-06,1581,0,43.67
191430,2014-02-06,2523,0,9.95
191431,2014-02-06,3266,0,38.33
191432,2014-02-06,9767,0,19.75
191433,2014-02-06,2402,0,48.96
191434,2014-02-07,11508,0,46.52
191435,2014-02-07,8465,0,47.58
191436,2014-02-07,13587,0,34.07
191437,2014-02-07,9872,0,9.95
191438,2014-02-08,16420,3.84,9.95
191439,2014-02-08,4984,0,9.95
191440,2014-02-08,785,0,38.35
191441,2014-02-08,7651,0,39.59
191442,2014-02-08,6713,0,9.95
191443,2014-02-08,16425,0,9.95
191444,2014-02-08,6077,0,51.62
191445,2014-02-09,14918,0,49.66
191446,2014-02-10,3244,0,21.11
191447,2014-02-10,15027,0,51.35
191448,2014-02-10,13649,3.12,9.95
191449,2014-02-10,8393,0,45.22
191450,2014-02-11,5099,17.44,37.81
191451,2014-02-11,13587,0,18.83
191452,2014-02-11,14537,0,9.95
191453,2014-02-11,6568,0,42.09
191454,2014-02-11,12515,0,9.95
191455,2014-02-12,3918,0,38.93
191456,2014-02-12,3782,0,19.61
191457,2014-02-12,15571,0,9.95
191458,2014-02-12,17733,0,47.34
191459,2014-02-12,5107,0,9.95
191460,2014-02-12,15006,0,9.95
191461,2014-02-12,8438,0,50.53
191462,2014-02-14,8334,0,32.51
191463,2014-02-14,2123,0,9.95
191464,2014-02-14,5222,0,20.99
191465,2014-02-14,1827,0,9.95
191466,2014-02-14,15796,0,9.95
191467,2014-02-15,8416,0,9.95
191468,2014-02-15,9603,0,9.95
191469,2014-02-15,3115,8.16,26.32
191470,2014-02-15,12641,0,37.91
191471,2014-02-15,10910,0,34.81
191472,2014-02-16,292,0,45.04
191473,2014-02-16,675,0,48.57
191474,2014-02-16,1002,0,9.95
191475,2014-02-16,3331,0,32.49
191476,2014-02-16,4897,0,9.95
191477,2014-02-16,3952,0,32.43
191478,2014-02-16,3577,25.68,39.87
191479,2014-02-17,8072,0,18.71
191480,2014-02-17,16696,0,42.37
191481,2014-02-17,10454,0,9.95
191482,2014-02-17,12976,0,59.47
191483,2014-02-17,16120,0,45.27
191484,2014-02-17,13814,0,9.95
191485,2014-02-17,11465,0,9.95
191486,2014-02-17,3400,0,9.95
191487,2014-02-18,5479,0,41.61
191488,2014-02-18,5381,0,25.42
191489,2014-02-18,7806,0,20.55
191490,2014-02-18,10950,0,9.95
191491,2014-02-18,6590,0,44.61
191492,2014-02-18,17919,0,48.92
191493,2014-02-18,10199,0,48.26
191494,2014-02-19,15199,0,9.95
191495,2014-02-19,8827,2.8,9.95
191496,2014-02-19,12099,0,49.5
191497,2014-02-19,7479,6.8,9.95
191498,2014-02-19,9524,0,43.77
191499,2014-02-19,5748,0,9.95
191500,2014-02-20,5382,0,27.4
191501,2014-02-20,10301,0,42.15
191502,2014-02-20,18001,0,9.95
191503,2014-02-20,17583,0,42.99
191504,2014-02-20,6945,0,32.77
191505,2014-02-21,4956,1.92,9.95
191506,2014-02-22,10973,0,9.95
191507,2014-02-22,2789,0,39.81
191508,2014-02-22,4026,0,9.95
191509,2014-02-22,7679,0,47.17
191510,2014-02-22,6033,0,49.24
191511,2014-02-22,14722,0,9.95
191512,2014-02-22,17141,0,9.95
191513,2014-02-22,9894,8.4,9.95
191514,2014-02-23,1613,9.92,26.76
191515,2014-02-24,17530,22.16,34.91
191516,2014-02-24,7945,0,9.95
191517,2014-02-24,11537,0,9.95
191518,2014-02-24,15937,19.92,34.35
191519,2014-02-25,14276,0,9.95
191520,2014-02-25,13958,0,9.95
191521,2014-02-25,3979,0,54.39
191522,2014-02-25,18345,0,9.95
191523,2014-02-26,11216,0,9.95
191524,2014-02-26,13996,34.32,49.98
191525,2014-02-26,18122,0,29.98
191526,2014-02-27,12306,0,47.1
191527,2014-02-27,13428,0,43.35
191528,2014-02-27,6866,0,9.95
191529,2014-02-27,1976,0,37.97
191530,2014-02-27,11281,0,28.12
191531,2014-02-28,17048,0,9.95
191532,2014-02-28,6770,0,45.78
191533,2014-02-28,17996,0,9.95
191534,2014-02-28,13294,0,19.91
191535,2014-03-01,17167,0,9.95
191536,2014-03-01,16284,0,20.31
191537,2014-03-01,8085,0,9.95
191538,2014-03-01,16931,0,9.95
191539,2014-03-01,294,0,37.87
191540,2014-03-01,402,0,9.95
191541,2014-03-01,1130,0,46.54
191542,2014-03-01,3695,0,9.95
191543,2014-03-01,17347,0,46.44
191544,2014-03-02,17387,0,33.77
191545,2014-03-02,12090,0,45.88
191546,2014-03-02,7426,0,9.95
191547,2014-03-02,316,0,41.87
191548,2014-03-02,3672,0,9.95
191549,2014-03-02,8468,0,9.95
191550,2014-03-02,8817,0,34.17
191551,2014-03-02,7443,16.8,22.11
191552,2014-03-02,3560,0,9.95
191553,2014-03-03,10143,0,9.95
191554,2014-03-03,10422,0,33.75
191555,2014-03-03,18432,0,36.05
191556,2014-03-03,4853,0,42.59
191557,2014-03-03,12535,0,9.95
191558,2014-03-03,17909,0,9.95
191559,2014-03-03,9234,0,42.09
191560,2014-03-03,14116,0,38.37
191561,2014-03-03,12541,0,9.95
191562,2014-03-03,1642,0,30.98
191563,2014-03-04,8665,0,20.51
191564,2014-03-04,11231,0,52.14
191565,2014-03-04,18372,0,9.95
191566,2014-03-05,18183,0,26.76
191567,2014-03-05,15654,29.44,46.68
191568,2014-03-05,15732,0,9.95
191569,2014-03-05,3384,0,32.55
191570,2014-03-05,2133,0,9.95
191571,2014-03-05,10003,0,38.83
191572,2014-03-05,8980,0,9.95
191573,2014-03-05,17487,0,21.53
191574,2014-03-05,4378,0,41.79
191575,2014-03-05,7452,0,50.24
191576,2014-03-05,17042,0,38.45
191577,2014-03-05,16990,0,19.55
191578,2014-03-05,5107,0,44.27
191579,2014-03-07,17349,0,46.94
191580,2014-03-07,1278,0,9.95
191581,2014-03-07,8145,0,32.37
191582,2014-03-08,11409,0,51.92
191583,2014-03-08,10092,0,9.95
191584,2014-03-08,18123,0,45.36
191585,2014-03-08,16486,0,9.95
191586,2014-03-08,8249,0,27.18
191587,2014-03-08,1916,0,27.02
191588,2014-03-08,15232,20.48,34.49
191589,2014-03-09,3158,0,9.95
191590,2014-03-09,1376,0,33.39
191591,2014-03-09,7146,0,34.17
191592,2014-03-09,6486,0,26.48
191593,2014-03-09,5888,0,9.95
191594,2014-03-10,5514,0,51.36
191595,2014-03-10,11008,0,9.95
191596,2014-03-10,3022,0,47
191597,2014-03-11,2400,0,34.73
191598,2014-03-11,653,0,35.37
191599,2014-03-11,13631,0,19.07
191600,2014-03-11,10738,0,9.95
191601,2014-03-11,15027,0,9.95
191602,2014-03-11,18311,0,9.95
191603,2014-03-11,1130,0,9.95
191604,2014-03-11,15033,0,9.95
191605,2014-03-12,16878,0,38.99
191606,2014-03-12,13844,0,20.51
191607,2014-03-12,3644,0,9.95
191608,2014-03-12,2875,0,46.28
191609,2014-03-12,213,0,9.95
191610,2014-03-12,13742,0,9.95
191611,2014-03-12,13395,0,9.95
191612,2014-03-12,9198,0,38.81
191613,2014-03-12,11745,0,44.56
191614,2014-03-13,15273,0,44.06
191615,2014-03-13,2609,0,9.95
191616,2014-03-13,18243,4.16,9.95
191617,2014-03-13,9954,0,53.97
191618,2014-03-14,3711,0,9.95
191619,2014-03-14,11279,0,9.95
191620,2014-03-14,9918,0,18.59
191621,2014-03-14,6568,0,42.11
191622,2014-03-14,7939,0,49.25
191623,2014-03-14,6154,0,9.95
191624,2014-03-14,12335,0,52.28
191625,2014-03-14,8020,0,43.53
191626,2014-03-14,10658,0,20.03
191627,2014-03-15,17493,0,42.67
191628,2014-03-15,6702,0,9.95
191629,2014-03-15,6166,0,9.95
191630,2014-03-15,6116,0,9.95
191631,2014-03-16,3361,0,51.7
191632,2014-03-16,6844,0,9.95
191633,2014-03-16,16598,0,9.95
191634,2014-03-16,9668,0,9.95
191635,2014-03-16,16061,0,53.6
191636,2014-03-16,18213,0,9.95
191637,2014-03-16,9071,3.04,9.95
191638,2014-03-18,17530,24.32,42.79
191639,2014-03-18,13819,0,29.78
191640,2014-03-18,4850,0,20.31
191641,2014-03-19,8254,0,9.95
191642,2014-03-19,5773,0,51.65
191643,2014-03-19,10295,0,9.95
191644,2014-03-19,16133,0,9.95
191645,2014-03-19,16133,0,54.83
191646,2014-03-19,9918,0,34.97
191647,2014-03-19,1291,0,27.98
191648,2014-03-19,17487,0,9.95
191649,2014-03-19,14942,0,9.95
191650,2014-03-20,13967,0,47.54
191651,2014-03-20,18004,0,48.06
191652,2014-03-20,15961,0,32.41
191653,2014-03-20,9544,0,20.79
191654,2014-03-20,694,0,9.95
191655,2014-03-20,17813,0,45.24
191656,2014-03-21,10102,0,9.95
191657,2014-03-21,9544,0,9.95
191658,2014-03-21,34,0,18.35
191659,2014-03-21,2113,5.6,9.95
191660,2014-03-21,4010,0,9.95
191661,2014-03-22,1535,0,40.87
191662,2014-03-22,15973,5.2,9.95
191663,2014-03-22,3808,0,39.63
191664,2014-03-22,2401,0,9.95
191665,2014-03-22,10952,0,9.95
191666,2014-03-23,557,0,27
191667,2014-03-23,5570,0,33.31
191668,2014-03-23,12252,0,28.18
191669,2014-03-23,6306,0,9.95
191670,2014-03-23,5381,0,9.95
191671,2014-03-23,2363,0,9.95
191672,2014-03-23,7354,0,9.95
191673,2014-03-24,9995,0,9.95
191674,2014-03-24,12937,0,27.72
191675,2014-03-24,9681,0,9.95
191676,2014-03-24,16655,0,33.83
191677,2014-03-24,17893,0,18.79
191678,2014-03-25,9846,0,44.63
191679,2014-03-25,480,0,9.95
191680,2014-03-26,14209,0,31.85
191681,2014-03-27,3413,0,39.81
191682,2014-03-27,9500,0,28.58
191683,2014-03-27,1385,0,52.88
191684,2014-03-27,8072,0,9.95
191685,2014-03-27,12252,0,9.95
191686,2014-03-28,3247,0,20.71
191687,2014-03-28,14934,0,38.85
191688,2014-03-28,13850,0,45.2
191689,2014-03-29,6945,0,9.95
191690,2014-03-29,2905,0,9.95
191691,2014-03-29,10897,0,9.95
191692,2014-03-30,387,0,9.95
191693,2014-03-30,584,0,9.95
191694,2014-03-30,7194,0,48.14
191695,2014-03-30,9918,0,27.36
191696,2014-03-30,4372,35.04,48.08
191697,2014-03-30,8493,8.32,19.99
191698,2014-03-30,14779,30.96,44.45
191699,2014-03-30,5727,0,9.95
191700,2014-03-30,1095,0,33.39
191701,2014-03-30,8435,0,41.87
191702,2014-03-31,2230,0,42.79
191703,2014-03-31,14518,0,9.95
191704,2014-03-31,13720,14.4,21.51
191705,2014-03-31,4364,0,40.23
191706,2014-03-31,5763,0,9.95
191707,2014-03-31,13941,11.83,27.24
191708,2014-03-31,7776,0,43.01
191709,2014-03-31,304,0,34.55
191710,2014-03-31,13649,37.92,46.19
191711,2014-04-01,18123,0,42.92
191712,2014-04-02,11379,0,41.63
191713,2014-04-02,4614,0,20.91
191714,2014-04-02,14396,0,52.34
191715,2014-04-02,6487,33.52,47.7
191716,2014-04-02,9889,32.24,44.77
191717,2014-04-02,2963,0,9.95
191718,2014-04-02,17049,0,53.55
191719,2014-04-02,4144,0,9.95
191720,2014-04-02,7287,0,35.57
191721,2014-04-02,17973,0,9.95
191722,2014-04-03,14426,0,20.71
191723,2014-04-03,427,0,20.91
191724,2014-04-03,518,0,34.55
191725,2014-04-03,13624,0,9.95
191726,2014-04-03,7706,0,50.32
191727,2014-04-03,14770,0,44.39
191728,2014-04-03,17210,0,9.95
191729,2014-04-03,18166,0,9.95
191730,2014-04-03,10139,0,49.94
191731,2014-04-04,7825,0,39.35
191732,2014-04-04,15418,0,9.95
191733,2014-04-04,13925,0,50.8
191734,2014-04-04,9140,0,53.07
191735,2014-04-05,15815,0,18.35
191736,2014-04-05,3788,0,28.34
191737,2014-04-05,1799,0,9.95
191738,2014-04-06,8334,0,44.36
191739,2014-04-06,5908,0,9.95
191740,2014-04-06,17325,0,9.95
191741,2014-04-06,1139,0,33.35
191742,2014-04-06,1057,0,45.9
191743,2014-04-06,16356,0,9.95
191744,2014-04-06,6584,0,9.95
191745,2014-04-06,9751,0,44.17
191746,2014-04-06,15541,0,9.95
191747,2014-04-06,15654,31.76,44.65
191748,2014-04-07,1793,0,52.65
191749,2014-04-07,13365,0,26.62
191750,2014-04-07,8587,0,9.95
191751,2014-04-07,12437,0,26.26
191752,2014-04-07,953,0,42.63
191753,2014-04-07,9832,0,45.91
191754,2014-04-07,13810,0,9.95
191755,2014-04-08,13020,0,9.95
191756,2014-04-08,10392,0,9.95
191757,2014-04-08,4592,0,9.95
191758,2014-04-08,17553,0,38.65
191759,2014-04-08,12500,0,9.95
191760,2014-04-08,9014,0,9.95
191761,2014-04-08,10986,0,9.95
191762,2014-04-08,10160,0,21.03
191763,2014-04-09,7895,6.72,9.95
191764,2014-04-09,6893,0,9.95
191765,2014-04-09,10438,0,9.95
191766,2014-04-09,2565,0,9.95
191767,2014-04-09,17157,0,9.95
191768,2014-04-09,9688,0,9.95
191769,2014-04-09,1981,0,9.95
191770,2014-04-09,3247,0,41.53
191771,2014-04-09,16741,0,43.75
191772,2014-04-10,3515,0,9.95
191773,2014-04-10,2963,0,9.95
191774,2014-04-10,6917,0,9.95
191775,2014-04-10,7152,0,9.95
191776,2014-04-10,12252,0,46.42
191777,2014-04-10,3771,0,44.11
191778,2014-04-11,3731,0,19.31
191779,2014-04-11,5479,0,49.06
191780,2014-04-11,14859,0,37.57
191781,2014-04-11,9954,0,44.21
191782,2014-04-12,9843,0,32.45
191783,2014-04-12,12971,20,34.37
191784,2014-04-12,11046,0,18.71
191785,2014-04-12,7146,0,26.22
191786,2014-04-12,7813,0,9.95
191787,2014-04-13,17697,0,9.95
191788,2014-04-13,13058,0,9.95
191789,2014-04-13,6264,0,9.95
191790,2014-04-13,2523,0,52.48
191791,2014-04-13,8223,0,54.61
191792,2014-04-13,3782,0,9.95
191793,2014-04-13,7908,8.8,9.95
191794,2014-04-13,2351,0,35.39
191795,2014-04-13,9791,0,39.67
191796,2014-04-14,8334,0,9.95
191797,2014-04-14,1440,0,19.31
191798,2014-04-15,14357,0,9.95
191799,2014-04-15,17402,0,9.95
191800,2014-04-15,12110,0,37.55
191801,2014-04-15,402,0,9.95
191802,2014-04-15,1293,0,19.63
191803,2014-04-15,17279,0,9.95
191804,2014-04-16,12106,0,42.77
191805,2014-04-16,957,0,35.03
191806,2014-04-16,5828,0,9.95
191807,2014-04-16,9798,0,42.31
191808,2014-04-16,1827,0,9.95
191809,2014-04-17,10286,0,32.75
191810,2014-04-17,7113,0,44.81
191811,2014-04-17,1643,0,9.95
191812,2014-04-17,11015,0,50.26
191813,2014-04-17,730,3.68,9.95
191814,2014-04-17,9812,18.79,44.02
191815,2014-04-17,14491,0,21.91
191816,2014-04-17,2969,0,20.95
191817,2014-04-17,13003,0,38.81
191818,2014-04-18,9189,0,33.89
191819,2014-04-18,6159,0,9.95
191820,2014-04-18,14885,0,9.95
191821,2014-04-18,8006,0,9.95
191822,2014-04-18,14955,0,9.95
191823,2014-04-18,6376,0,50.84
191824,2014-04-18,7386,0,41.73
191825,2014-04-18,15873,0,18.63
191826,2014-04-18,14355,0,47.58
191827,2014-04-19,11553,0,43.13
191828,2014-04-19,11555,0,32.55
191829,2014-04-20,13837,0,39.95
191830,2014-04-20,8487,0,9.95
191831,2014-04-20,2689,0,9.95
191832,2014-04-20,4330,0,46.46
191833,2014-04-20,606,0,18.87
191834,2014-04-20,15717,5.76,9.95
191835,2014-04-20,1416,0,9.95
191836,2014-04-20,12090,0,9.95
191837,2014-04-20,14473,0,26.44
191838,2014-04-20,8602,0,21.07
191839,2014-04-21,10912,0,33.67
191840,2014-04-22,10172,37.36,50.74
191841,2014-04-22,479,0,39.75
191842,2014-04-22,17909,0,9.95
191843,2014-04-23,17706,0,9.95
191844,2014-04-23,17357,0,42.05
191845,2014-04-24,16553,0,9.95
191846,2014-04-24,15402,0,39.89
191847,2014-04-24,11447,0,26.28
191848,2014-04-25,14531,0,20.79
191849,2014-04-25,12118,0,9.95
191850,2014-04-25,13367,0,9.95
191851,2014-04-25,14617,0,9.95
191852,2014-04-25,316,0,9.95
191853,2014-04-25,1695,0,44.49
191854,2014-04-25,14355,0,9.95
191855,2014-04-25,14355,0,9.95
191856,2014-04-25,2554,0,9.95
191857,2014-04-25,12971,14.16,27.82
191858,2014-04-26,11648,3.12,9.95
191859,2014-04-26,1941,22.64,42.37
191860,2014-04-26,6798,0,34.07
191861,2014-04-26,8151,0,42.49
191862,2014-04-26,16391,0,38.95
191863,2014-04-26,14529,0,33.59
191864,2014-04-26,291,0,46.8
191865,2014-04-26,5002,0,42.35
191866,2014-04-28,14630,0,9.95
191867,2014-04-28,10735,0,9.95
191868,2014-04-28,16843,0,44.96
191869,2014-04-28,8866,0,26.78
191870,2014-04-28,5232,0,20.91
191871,2014-04-28,16327,0,49.16
191872,2014-04-28,12861,0,44.86
191873,2014-04-28,7479,36.15,52.11
191874,2014-04-28,732,0,9.95
191875,2014-04-28,2035,33.04,47.58
191876,2014-04-28,3347,0,9.95
191877,2014-04-29,8866,0,46.52
191878,2014-04-29,7170,0,9.95
191879,2014-04-29,12945,0,9.95
191880,2014-04-29,13102,3.36,9.95
191881,2014-04-29,9325,14.72,33.05
191882,2014-04-29,4786,0,9.95
191883,2014-04-29,3624,0,27.88
191884,2014-04-29,5700,0,9.95
191885,2014-04-29,3522,0,19.31
191886,2014-04-30,17389,0,9.95
191887,2014-04-30,13748,0,9.95
191888,2014-04-30,1262,0,9.95
191889,2014-04-30,9819,31.2,47.12
191890,2014-04-30,5716,0,19.91
191891,2014-05-01,1089,0,9.95
191892,2014-05-01,6451,0,9.95
191893,2014-05-01,12976,0,43.57
191894,2014-05-01,13850,0,9.95
191895,2014-05-01,15733,0,38.29
191896,2014-05-01,15081,0,47.46
191897,2014-05-01,6702,0,9.95
191898,2014-05-02,4155,0,9.95
191899,2014-05-02,12699,0,44.41
191900,2014-05-02,11331,0,50.96
191901,2014-05-02,15651,0,59.03
191902,2014-05-02,14840,0,9.95
191903,2014-05-02,13700,0,26.9
191904,2014-05-02,2054,0,38.25
191905,2014-05-02,4018,0,9.95
191906,2014-05-02,13406,0,9.95
191907,2014-05-02,12265,8.8,9.95
191908,2014-05-03,9162,0,9.95
191909,2014-05-03,4119,0,51.76
191910,2014-05-03,17253,20.48,34.49
191911,2014-05-03,2875,0,38.39
191912,2014-05-03,8968,0,9.95
191913,2014-05-03,15135,0,46.79
191914,2014-05-03,3113,0,9.95
191915,2014-05-03,8380,0,9.95
191916,2014-05-03,14932,0,9.95
191917,2014-05-03,8118,0,9.95
191918,2014-05-03,3286,5.44,9.95
191919,2014-05-03,13138,0,38.75
191920,2014-05-03,18318,0,9.95
191921,2014-05-04,17018,23.92,42.69
191922,2014-05-04,9544,0,9.95
191923,2014-05-04,13137,0,37.55
191924,2014-05-04,5558,0,9.95
191925,2014-05-04,4808,0,9.95
191926,2014-05-04,8040,0,46.94
191927,2014-05-04,15956,0.88,9.95
191928,2014-05-05,14818,0,38.47
191929,2014-05-05,16498,0,42.37
191930,2014-05-05,12021,19.28,41.53
191931,2014-05-05,13156,0,47.12
191932,2014-05-05,15167,0,41.61
191933,2014-05-05,774,0,20.45
191934,2014-05-05,12078,0,36.73
191935,2014-05-06,4884,0,42.53
191936,2014-05-06,9582,4.8,9.95
191937,2014-05-06,16417,0,47.8
191938,2014-05-07,7613,0,9.95
191939,2014-05-07,3560,0,48.52
191940,2014-05-07,15717,23.6,35.27
191941,2014-05-07,10739,0,9.95
191942,2014-05-07,12262,2.64,9.95
191943,2014-05-07,17215,0,33.69
191944,2014-05-08,1815,0,46.3
191945,2014-05-08,13190,0,9.95
191946,2014-05-08,16993,0,50.8
191947,2014-05-08,16418,0,53.31
191948,2014-05-08,8090,0,9.95
191949,2014-05-08,3728,0,9.95
191950,2014-05-08,14306,0,41.61
191951,2014-05-09,16498,0,9.95
191952,2014-05-09,13844,0,53.15
191953,2014-05-09,17193,0,37.67
191954,2014-05-10,6793,0,9.95
191955,2014-05-10,14869,0,34.13
191956,2014-05-10,3756,0,9.95
191957,2014-05-10,15091,0,41.73
191958,2014-05-10,7692,0,52.96
191959,2014-05-10,7166,0,42.67
191960,2014-05-10,10491,0,9.95
191961,2014-05-11,2723,0,37.55
191962,2014-05-11,1799,0,9.95
191963,2014-05-11,15866,0,50.08
191964,2014-05-11,13568,0,9.95
191965,2014-05-12,14846,0,51.82
191966,2014-05-12,13325,0,9.95
191967,2014-05-12,14396,0,9.95
191968,2014-05-12,11732,0,49.12
191969,2014-05-12,3965,0,45.45
191970,2014-05-12,118,0,27.62
191971,2014-05-12,17996,0,9.95
191972,2014-05-12,1440,0,9.95
191973,2014-05-12,7454,0,9.95
191974,2014-05-12,4897,0,44.59
191975,2014-05-12,15067,0,28.4
191976,2014-05-12,11405,0,42.85
191977,2014-05-13,3711,0,9.95
191978,2014-05-13,957,0,34.23
191979,2014-05-13,4620,0,9.95
191980,2014-05-13,3158,0,9.95
191981,2014-05-13,7709,0,9.95
191982,2014-05-14,15444,0,9.95
191983,2014-05-14,2242,0,21.43
191984,2014-05-14,5894,0,43.37
191985,2014-05-15,13787,0,52.79
191986,2014-05-15,3338,0,40.95
191987,2014-05-15,12787,0,9.95
191988,2014-05-15,4182,0,9.95
191989,2014-05-16,2118,0,48.2
191990,2014-05-16,4637,0,9.95
191991,2014-05-16,18164,0,39.03
191992,2014-05-16,11740,0,9.95
191993,2014-05-16,17909,0,38.31
191994,2014-05-16,18015,0,34.27
191995,2014-05-16,15364,0,35.43
191996,2014-05-16,3667,0,51.05
191997,2014-05-17,8716,0,41.19
191998,2014-05-17,7095,0,9.95
191999,2014-05-17,5809,0,47.76
192000,2014-05-18,13837,0,43.21
192001,2014-05-18,5884,0,52.19
192002,2014-05-18,11352,0,46.42
192003,2014-05-18,12426,0,44.07
192004,2014-05-18,13368,0,9.95
192005,2014-05-18,12767,0,9.95
192006,2014-05-18,1561,0,9.95
192007,2014-05-19,17357,0,47.8
192008,2014-05-19,195,0,9.95
192009,2014-05-19,1271,0,38.99
192010,2014-05-19,14732,0,34.35
192011,2014-05-20,953,0,9.95
192012,2014-05-20,15490,35.2,48.12
192013,2014-05-20,1165,0,9.95
192014,2014-05-20,10523,0,9.95
192015,2014-05-20,4611,0,9.95
192016,2014-05-20,14487,0,41.01
192017,2014-05-20,1096,0,59.37
192018,2014-05-21,14436,0,37.29
192019,2014-05-21,2039,0,39.29
192020,2014-05-21,13439,0,48.9
192021,2014-05-21,17113,0,27.38
192022,2014-05-21,316,0,45.7
192023,2014-05-21,6753,0,9.95
192024,2014-05-21,5845,0,19.65
192025,2014-05-22,6169,0,9.95
192026,2014-05-22,2126,0,9.95
192027,2014-05-22,3350,0,9.95
192028,2014-05-22,4161,0,38.01
192029,2014-05-22,15380,0,9.95
192030,2014-05-22,2874,0,20.31
192031,2014-05-22,6591,0,9.95
192032,2014-05-22,15996,0,9.95
192033,2014-05-22,1089,0,47.06
192034,2014-05-22,4212,15.44,28.14
192035,2014-05-22,5549,0,9.95
192036,2014-05-24,7916,0,26.86
192037,2014-05-24,8072,0,9.95
192038,2014-05-24,13618,0,33.61
192039,2014-05-24,8172,0,41.91
192040,2014-05-25,3528,0,46.17
192041,2014-05-25,2280,0,45.32
192042,2014-05-25,12458,0,45.34
192043,2014-05-25,1246,0,28.26
192044,2014-05-25,9669,5.44,19.27
192045,2014-05-25,12224,4.16,9.95
192046,2014-05-25,6269,0,26.42
192047,2014-05-26,16355,0,20.31
192048,2014-05-26,6189,0,38.19
192049,2014-05-26,2724,18.24,33.93
192050,2014-05-26,11200,0,9.95
192051,2014-05-27,5948,0,45.04
192052,2014-05-27,12270,0,9.95
192053,2014-05-27,10586,0,9.95
192054,2014-05-27,10680,0,20.31
192055,2014-05-27,17686,0,48.46
192056,2014-05-27,905,0,9.95
192057,2014-05-27,1712,0,9.95
192058,2014-05-27,11671,0,53.03
192059,2014-05-27,14228,0,40.13
192060,2014-05-28,3203,0,35.19
192061,2014-05-28,9233,0,9.95
192062,2014-05-28,17733,0,48.72
192063,2014-05-28,3943,0,9.95
192064,2014-05-28,3149,0,20.71
192065,2014-05-28,14490,0,40.91
192066,2014-05-28,11018,0,48.74
192067,2014-05-29,13490,0,9.95
192068,2014-05-29,10496,0,51.73
192069,2014-05-29,6512,0,18.91
192070,2014-05-29,5314,0,41.95
192071,2014-05-29,14574,0,39.31
192072,2014-05-29,11616,0,19.31
192073,2014-05-29,12881,13.28,27.6
192074,2014-05-29,2587,0,38.81
192075,2014-05-29,2129,0,9.95
192076,2014-05-29,15081,0,9.95
192077,2014-05-30,6992,0,9.95
192078,2014-05-30,7945,0,43.75
192079,2014-05-30,13836,0,46.9
192080,2014-05-30,7972,0,9.95
192081,2014-05-30,9416,0,9.95
192082,2014-05-30,2450,8.8,20.11
192083,2014-05-30,14614,0,9.95
192084,2014-05-30,15061,0,9.95
192085,2014-05-30,11277,0,44.26
192086,2014-05-31,10975,0,9.95
192087,2014-05-31,1684,0,9.95
192088,2014-05-31,10387,0,9.95
192089,2014-05-31,6382,0,27.3
192090,2014-05-31,9061,0,27.4
192091,2014-05-31,6725,0,55.53
192092,2014-05-31,42,0,20.51
192093,2014-05-31,9325,31.44,47.18
192094,2014-05-31,12795,0,9.95
192095,2014-06-01,10941,0,33.17
192096,2014-06-01,12391,3.52,9.95
192097,2014-06-01,9918,0,21.43
192098,2014-06-01,12920,0,34.27
192099,2014-06-01,118,0,9.95
192100,2014-06-01,12911,0,44.2
192101,2014-06-01,5425,0,9.95
192102,2014-06-01,1376,0,9.95
192103,2014-06-02,16771,0,42.73
192104,2014-06-02,17172,3.2,9.95
192105,2014-06-02,3941,0,19.29
192106,2014-06-02,15400,0,39.47
192107,2014-06-02,12779,0,9.95
192108,2014-06-02,8042,0,9.95
192109,2014-06-03,13018,0,43.97
192110,2014-06-03,7806,0,52.56
192111,2014-06-03,3085,0,51.26
192112,2014-06-03,16950,0,47.44
192113,2014-06-03,441,0,38.13
192114,2014-06-03,5771,0,42.55
192115,2014-06-03,15814,0,9.95
192116,2014-06-03,17253,2.4,9.95
192117,2014-06-04,8396,0,9.95
192118,2014-06-04,10735,0,37.27
192119,2014-06-04,18419,0,49.56
192120,2014-06-04,7163,0,9.95
192121,2014-06-05,4713,0,9.95
192122,2014-06-05,319,0,20.71
192123,2014-06-05,7661,0,38.95
192124,2014-06-06,14483,0,44.38
192125,2014-06-06,11575,0,36.33
192126,2014-06-06,1233,0,47.2
192127,2014-06-06,16521,5.44,9.95
192128,2014-06-06,7813,0,9.95
192129,2014-06-06,6917,0,49.22
192130,2014-06-06,13258,0,9.95
192131,2014-06-06,8921,0,44.79
192132,2014-06-06,17279,0,47.5
192133,2014-06-06,2054,0,39.43
192134,2014-06-06,5509,0,9.95
192135,2014-06-06,4156,0,49.7
192136,2014-06-07,13837,0,29
192137,2014-06-07,13925,0,49.98
192138,2014-06-07,9603,0,9.95
192139,2014-06-08,8984,0,33.93
192140,2014-06-08,5997,0,48.24
192141,2014-06-08,2483,20.08,38.47
192142,2014-06-08,1208,0,19.31
192143,2014-06-08,1112,0,9.95
192144,2014-06-08,16078,0,9.95
192145,2014-06-08,10466,0,9.95
192146,2014-06-08,10238,0,48.32
192147,2014-06-08,16096,11.52,32.25
192148,2014-06-09,13168,0,40.37
192149,2014-06-09,3036,0,45.96
192150,2014-06-09,8465,0,9.95
192151,2014-06-10,2265,0,9.95
192152,2014-06-10,4995,0,39.01
192153,2014-06-10,15437,0,51.62
192154,2014-06-10,12327,0,27.42
192155,2014-06-10,6713,0,31.81
192156,2014-06-10,5995,0,9.95
192157,2014-06-11,6844,0,9.95
192158,2014-06-11,15996,0,9.95
192159,2014-06-11,17456,0,26.96
192160,2014-06-11,13836,0,22.71
192161,2014-06-11,9918,0,9.95
192162,2014-06-11,15128,0,44.8
192163,2014-06-12,8106,0,9.95
192164,2014-06-12,11774,0,9.95
192165,2014-06-12,10793,0,44.46
192166,2014-06-12,13233,4.4,9.95
192167,2014-06-13,8365,0,21.03
192168,2014-06-13,11409,0,49.28
192169,2014-06-13,3786,0,47.08
192170,2014-06-13,8393,0,47.14
192171,2014-06-13,1010,0,49.84
192172,2014-06-13,3582,0,9.95
192173,2014-06-13,10326,0,45.58
192174,2014-06-13,1467,0,40.47
192175,2014-06-14,7497,0,9.95
192176,2014-06-14,9862,0,9.95
192177,2014-06-14,11876,0,43.73
192178,2014-06-14,7129,0,9.95
192179,2014-06-15,2963,0,35.07
192180,2014-06-15,11165,0,9.95
192181,2014-06-15,17497,0,38.41
192182,2014-06-15,10143,0,37.79
192183,2014-06-15,3703,0,9.95
192184,2014-06-15,7928,0,47.34
192185,2014-06-15,6306,0,9.95
192186,2014-06-15,17349,0,32.77
192187,2014-06-15,6375,0,49.65
192188,2014-06-16,11025,0,49.1
192189,2014-06-16,2632,0,9.95
192190,2014-06-16,10466,0,9.95
192191,2014-06-17,9679,0,9.95
192192,2014-06-17,6818,2.64,9.95
192193,2014-06-17,8011,0,9.95
192194,2014-06-17,1981,0,9.95
192195,2014-06-18,18435,0,33.85
192196,2014-06-18,12560,0,9.95
192197,2014-06-18,7287,0,9.95
192198,2014-06-18,2119,0,9.95
192199,2014-06-18,5814,0,9.95
192200,2014-06-18,17822,10.24,26.84
192201,2014-06-18,4146,0,9.95
192202,2014-06-18,11310,0,9.95
192203,2014-06-18,17645,0,20.95
192204,2014-06-18,7983,0,9.95
192205,2014-06-18,4058,0,9.95
192206,2014-06-19,3453,16.56,33.51
192207,2014-06-20,13057,0,20.19
192208,2014-06-20,15023,0,9.95
192209,2014-06-20,9992,0,53.87
192210,2014-06-20,15285,0,9.95
192211,2014-06-20,16320,0,41.25
192212,2014-06-21,15002,38.08,52.59
192213,2014-06-21,10003,0,26.6
192214,2014-06-21,12779,0,18.83
192215,2014-06-21,2280,0,21.75
192216,2014-06-21,3091,0,32.89
192217,2014-06-21,5955,0,9.95
192218,2014-06-21,5013,0,42.85
192219,2014-06-21,2617,0,9.95
192220,2014-06-22,8493,3.04,9.95
192221,2014-06-22,8626,0,21.11
192222,2014-06-22,4696,0,9.95
192223,2014-06-23,11553,0,9.95
192224,2014-06-23,12183,0,9.95
192225,2014-06-23,3044,0,28.4
192226,2014-06-23,1170,0,47.2
192227,2014-06-23,15358,8.64,9.95
